{
    "version": 1,
    "revision": 0,
    "rules": [
        {
            "primary-output": "x64\\Debug\\MathLibrary.h.obj",
            "outputs": [
                "C:\\Users\\VBNikolov23\\source\\repos\\MathLibrary3\\x64\\Debug\\MathLibrary2.pdb",
                "x64\\Debug\\",
                "C:\\Users\\VBNikolov23\\source\\repos\\MathLibrary3\\MathLibrary2\\x64\\Debug\\MathLibrary.h.ifc"
            ],
            "provides": [
                {
                    "logical-name": "MathLibrary.h",
                    "source-path": "c:\\users\\vbnikolov23\\source\\repos\\mathlibrary3\\mathlibrary2\\mathlibrary.h",
                    "lookup-method": "absolute"
                }
            ],
            "requires": []
        }
    ]
}