{
    "version": 1,
    "revision": 0,
    "rules": [
        {
            "primary-output": "x64\\Debug\\MathLibrary.obj",
            "outputs": [
                "x64\\Debug\\MathLibrary.h_CDE6B475F8F9BEC5.ifc.dt.module.json",
                "x64\\Debug\\MathLibrary.h_CDE6B475F8F9BEC5.ifc.dt.d.json",
                "x64\\Debug\\MathLibrary.h.ifc"
            ],
            "provides": [
                {
                    "logical-name": "C:\\Users\\VBNikolov23\\source\\repos\\MathLibrary3\\MathLibrary2\\MathLibrary.h",
                    "source-path": "c:\\users\\vbnikolov23\\source\\repos\\mathlibrary3\\mathlibrary2\\mathlibrary.h",
                    "lookup-method": "absolute"
                }
            ],
            "requires": []
        }
    ]
}