{
    "version": 1,
    "revision": 0,
    "rules": [
        {
            "primary-output": "x64\\Debug\\Math.obj",
            "outputs": [
                "x64\\Debug\\Math.h_F05A1150631A6DA6.ifc.dt.module.json",
                "x64\\Debug\\Math.h_F05A1150631A6DA6.ifc.dt.d.json",
                "x64\\Debug\\Math.h.ifc"
            ],
            "provides": [
                {
                    "logical-name": "C:\\Users\\VBNikolov23\\source\\repos\\MathLibrary3\\MathLibrary2\\Math.h",
                    "source-path": "c:\\users\\vbnikolov23\\source\\repos\\mathlibrary3\\mathlibrary2\\math.h",
                    "lookup-method": "absolute"
                }
            ],
            "requires": []
        }
    ]
}