{
    "version": 1,
    "revision": 0,
    "rules": [
        {
            "primary-output": "x64\\Debug\\microsoft\\STL\\std.obj",
            "outputs": [
                "x64\\Debug\\microsoft\\STL\\std.ixx.ifc.dt.module.json",
                "x64\\Debug\\microsoft\\STL\\std.ixx.ifc.dt.d.json",
                "x64\\Debug\\microsoft\\STL\\std.ifc"
            ],
            "provides": [
                {
                    "logical-name": "std",
                    "source-path": "c:\\program files\\microsoft visual studio\\18\\community\\vc\\tools\\msvc\\14.50.35717\\modules\\std.ixx",
                    "is-interface": true
                }
            ],
            "requires": []
        }
    ]
}